time,phoneme,F1,F2,F3
0.4655409036620233,,968.8085837400788,2010.1531261143618,2952.43619597459
0.9892727134402802,/a/,708.735331673285,1292.8649603952247,1572.152308041339
1.1812271310185054,,314.84030091090534,771.3900815370539,2823.3497729837513
1.3467311367257153,/e/,486.719680854538,1828.3513729014621,2557.395793968034
1.5417084585177707,,207.24511018449687,2208.399546297292,3082.856563959659
1.7427315887374868,/u/,503.84965577442466,1335.481581872035,2555.882738454062
1.8553347707026662,,252.4861491297914,509.22866489349803,2527.795071107701
1.9618921442401849,/i/,454.31290751875133,2805.62545857978,3163.5470586988235
2.3971057602623738,,385.9025396489124,1983.9553822709663,2802.15174648361
2.8534797057813748,/a/,999.9289309363575,1400.1002272323801,1695.8278125035959
3.0786860697117335,,366.84827942401574,988.086211938722,2562.3383106225624
3.284243556252195,/e/,495.60103174011886,2338.2377204062636,2546.483723580185
3.4550376443336077,,2078.028814271837,2757.893516091505,3574.278090138776
3.625831732415021,/u/,512.9691145441267,1216.2905270591102,2811.4706703344964
3.73541201016637,,367.2778075239207,1441.6402217947964,2611.269555579623
3.851793822398837,/i/,451.19721910992297,2759.3832223616164,3189.782854979798
4.2534813013350785,,1207.6443043083443,2129.2460814591964,2948.1332322380454
4.662726040805896,/a/,978.2636175161279,1314.5975049145682,1398.9853718636737
4.880375144201679,,383.39801425191195,975.2444743674124,2566.321320357047
5.089711261009429,/e/,470.8339756842169,2164.8964473559445,2537.542546502297
5.2635282533046714,,1989.1005918100584,2787.495027124305,3645.2690774878974
5.428276532958424,/u/,473.71337002911605,1207.9760819846078,2748.839022139111
5.520475111480248,,260.58327589919105,452.2559929661176,2601.918379116109
5.613429416055531,/i/,436.0287984232053,2859.1565599458568,3240.029877754995
6.205064234980789,,736.0836612855697,1750.696937526423,2720.7458653463564
